{
    "document": {
        "type": "APL",
        "version": "1.1",
        "settings": {},
        "theme": "dark",
        "import": [
            {
                "name": "alexa-layouts",
                "version": "1.0.0"
            }
        ],
        "resources": [
            {
                "description": "Stock color for the light theme",
                "colors": {
                    "colorTextPrimary": "#151920"
                }
            },
            {
                "description": "Stock color for the dark theme",
                "when": "${viewport.theme == 'dark'}",
                "colors": {
                    "colorTextPrimary": "#f0f1ef"
                }
            },
            {
                "description": "Standard font sizes",
                "dimensions": {
                    "textSizeBody": 48,
                    "textSizePrimary": 27,
                    "textSizeSecondary": 23,
                    "textSizeSecondaryHint": 25
                }
            },
            {
                "description": "Common spacing values",
                "dimensions": {
                    "spacingThin": 6,
                    "spacingSmall": 12,
                    "spacingMedium": 24,
                    "spacingLarge": 48,
                    "spacingExtraLarge": 72
                }
            },
            {
                "description": "Common margins and padding",
                "dimensions": {
                    "marginTop": 40,
                    "marginLeft": 60,
                    "marginRight": 60,
                    "marginBottom": 40
                }
            }
        ],
        "styles": {
            "textStyleBase": {
                "description": "Base font description; set color",
                "values": [
                    {
                        "color": "@colorTextPrimary"
                    }
                ]
            },
            "textStyleBase0": {
                "description": "Thin version of basic font",
                "extend": "textStyleBase",
                "values": {
                    "fontWeight": "100"
                }
            },
            "textStyleBase1": {
                "description": "Light version of basic font",
                "extend": "textStyleBase",
                "values": {
                    "fontWeight": "300"
                }
            },
            "mixinBody": {
                "values": {
                    "fontSize": "@textSizeBody"
                }
            },
            "mixinPrimary": {
                "values": {
                    "fontSize": "@textSizePrimary"
                }
            },
            "mixinSecondary": {
                "values": {
                    "fontSize": "@textSizeSecondary"
                }
            },
            "textStylePrimary": {
                "extend": [
                    "textStyleBase1",
                    "mixinPrimary"
                ]
            },
            "textStyleSecondary": {
                "extend": [
                    "textStyleBase0",
                    "mixinSecondary"
                ]
            },
            "textStyleBody": {
                "extend": [
                    "textStyleBase1",
                    "mixinBody"
                ]
            },
            "textStyleSecondaryHint": {
                "values": {
                    "fontFamily": "Bookerly",
                    "fontStyle": "italic",
                    "fontSize": "@textSizeSecondaryHint",
                    "color": "@colorTextPrimary"
                }
            }
        },
        "onMount": [],
        "graphics": {},
        "commands": {},
        "layouts": {},
        "mainTemplate": {
            "parameters": [
                "payload"
            ],
            "items": [
                {
                    "type": "Container",
                    "height": "100vh",
                    "items": [
                        {
                            "type": "Container",
                            "grow": 1,
                            "justifyContent": "${viewport.shape == 'round' ? 'center' : 'end'}",
                            "items": [
                                {
                                    "type": "Pager",
                                    "width": "100vw",
                                    "height": "100vh",
                                    "textAlignVertical": "center",
                                    "textAlign": "center",
                                    "navigation": "normal",
                                    "initialPage": 0,
                                    "id": "foobar",
                                    "items": [
                                        {
                                            "paddingLeft": "@marginLeft",
                                            "paddingRight": "@marginRight",
                                            "type": "Text",
                                            "id": "quizResult",
                                            "text": "${payload.bodyTemplate6Data.textContent.primaryText.quizResult}",
                                            "style": "textStyleBody",
                                            "textAlign": "${viewport.shape == 'round' ? 'center' : 'left'}"
                                        },
                                        {
                                            "paddingLeft": "@marginLeft",
                                            "paddingRight": "@marginRight",
                                            "type": "Text",
                                            "id": "trainQuiz",
                                            "text": "${payload.bodyTemplate6Data.textContent.primaryText.trainQuizDisplay}",
                                            "speech": "${payload.bodyTemplate6Data.properties.trainQuizSpeech}",
                                            "style": "textStyleBody",
                                            "textAlign": "${viewport.shape == 'round' ? 'center' : 'left'}"
                                        }
                                    ]
                                }
                            ]
                        }
                    ]
                }
            ]
        }
    },
    "datasources": {
        "bodyTemplate6Data": {
            "type": "object",
            "objectId": "bt6Sample",
            "backgroundImage": {
                "contentDescription": null,
                "smallSourceUrl": null,
                "largeSourceUrl": null,
                "sources": [
                    {
                        "url": "https://d2o906d8ln7ui1.cloudfront.net/images/BT6_Background.png",
                        "size": "small",
                        "widthPixels": 0,
                        "heightPixels": 0
                    },
                    {
                        "url": "https://d2o906d8ln7ui1.cloudfront.net/images/BT6_Background.png",
                        "size": "large",
                        "widthPixels": 0,
                        "heightPixels": 0
                    }
                ]
            },
            "image": {
                "contentDescription": null,
                "smallSourceUrl": null,
                "largeSourceUrl": null,
                "sources": [
                    {
                        "url": "http://images.media-allrecipes.com/userphotos/250x250/303241.jpg",
                        "size": "small",
                        "widthPixels": 0,
                        "heightPixels": 0
                    },
                    {
                        "url": "http://images.media-allrecipes.com/userphotos/250x250/303241.jpg",
                        "size": "large",
                        "widthPixels": 0,
                        "heightPixels": 0
                    }
                ]
            },
            "textContent": {
                "primaryText": {
                    "trainQuizSsml": "Welcome to The Daily Cheese"
                }
            },
            "logoUrl": "https://d2o906d8ln7ui1.cloudfront.net/images/cheeseskillicon.png",
            "hintText": "Try, \"Alexa, what is today's cheesy joke?\"",
            "properties": {
                "backgroundImage": "https://.../catfacts.png",
                "title": "猫の秘密 #9",
                "logoUrl": "https://.../logo.png",
                "image": "https://.../catfact9.png",
                "quizResultSsml": "<speak>電車のクイズです。</speak>"
            },
            "transformers": [{
                    "inputPath": "quizResultSsml",
                    "outputName": "quizResultSpeech",
                    "transformer": "ssmlToSpeech"
                },
                {
                    "inputPath": "quizResultSsml",
                    "outputName": "quizResult",
                    "transformer": "ssmlToText"
                },
                {
                    "inputPath": "trainQuizSsml",
                    "outputName": "trainQuizSpeech",
                    "transformer": "ssmlToSpeech"
                },
                {
                    "inputPath": "trainQuizSsml",
                    "outputName": "trainQuiz",
                    "transformer": "ssmlToText"
                }]
        }
    }
}
